"name","survived","sex","age","passengerClass","adult"
"Allen, Miss. Elisabeth Walton","yes","female",29,"1st","yes"
"Allison, Master. Hudson Trevor","yes","male",0.916700006,"1st","no"
"Allison, Miss. Helen Loraine","no","female",2,"1st","no"
"Allison, Mr. Hudson Joshua Crei","no","male",30,"1st","yes"
"Allison, Mrs. Hudson J C (Bessi","no","female",25,"1st","yes"
"Anderson, Mr. Harry","yes","male",48,"1st","yes"
"Andrews, Miss. Kornelia Theodos","yes","female",63,"1st","yes"
"Andrews, Mr. Thomas Jr","no","male",39,"1st","yes"
"Appleton, Mrs. Edward Dale (Cha","yes","female",53,"1st","yes"
"Artagaveytia, Mr. Ramon","no","male",71,"1st","yes"
"Astor, Col. John Jacob","no","male",47,"1st","yes"
"Astor, Mrs. John Jacob (Madelei","yes","female",18,"1st","yes"
"Aubart, Mme. Leontine Pauline","yes","female",24,"1st","yes"
"Barber, Miss. Ellen Nellie","yes","female",26,"1st","yes"
"Barkworth, Mr. Algernon Henry W","yes","male",80,"1st","yes"
"Baxter, Mr. Quigg Edmond","no","male",24,"1st","yes"
"Baxter, Mrs. James (Helene DeLa","yes","female",50,"1st","yes"
"Bazzani, Miss. Albina","yes","female",32,"1st","yes"
"Beattie, Mr. Thomson","no","male",36,"1st","yes"
"Beckwith, Mr. Richard Leonard","yes","male",37,"1st","yes"
"Beckwith, Mrs. Richard Leonard","yes","female",47,"1st","yes"
"Behr, Mr. Karl Howell","yes","male",26,"1st","yes"
"Bidois, Miss. Rosalie","yes","female",42,"1st","yes"
"Bird, Miss. Ellen","yes","female",29,"1st","yes"
"Birnbaum, Mr. Jakob","no","male",25,"1st","yes"
"Bishop, Mr. Dickinson H","yes","male",25,"1st","yes"
"Bishop, Mrs. Dickinson H (Helen","yes","female",19,"1st","yes"
"Bissette, Miss. Amelia","yes","female",35,"1st","yes"
"Bjornstrom-Steffansson, Mr. Mau","yes","male",28,"1st","yes"
"Blackwell, Mr. Stephen Weart","no","male",45,"1st","yes"
"Blank, Mr. Henry","yes","male",40,"1st","yes"
"Bonnell, Miss. Caroline","yes","female",30,"1st","yes"
"Bonnell, Miss. Elizabeth","yes","female",58,"1st","yes"
"Borebank, Mr. John James","no","male",42,"1st","yes"
"Bowen, Miss. Grace Scott","yes","female",45,"1st","yes"
"Bowerman, Miss. Elsie Edith","yes","female",22,"1st","yes"
"Brady, Mr. John Bertram","no","male",41,"1st","yes"
"Brandeis, Mr. Emil","no","male",48,"1st","yes"
"Brown, Mrs. James Joseph (Marga","yes","female",44,"1st","yes"
"Brown, Mrs. John Murray (Caroli","yes","female",59,"1st","yes"
"Bucknell, Mrs. William Robert (","yes","female",60,"1st","yes"
"Burns, Miss. Elizabeth Margaret","yes","female",41,"1st","yes"
"Butt, Major. Archibald Willingh","no","male",45,"1st","yes"
"Calderhead, Mr. Edward Penningt","yes","male",42,"1st","yes"
"Candee, Mrs. Edward (Helen Chur","yes","female",53,"1st","yes"
"Cardeza, Mr. Thomas Drake Marti","yes","male",36,"1st","yes"
"Cardeza, Mrs. James Warburton M","yes","female",58,"1st","yes"
"Carlsson, Mr. Frans Olof","no","male",33,"1st","yes"
"Carrau, Mr. Francisco M","no","male",28,"1st","yes"
"Carrau, Mr. Jose Pedro","no","male",17,"1st","no"
"Carter, Master. William Thornto","yes","male",11,"1st","no"
"Carter, Miss. Lucile Polk","yes","female",14,"1st","no"
"Carter, Mr. William Ernest","yes","male",36,"1st","yes"
"Carter, Mrs. William Ernest (Lu","yes","female",36,"1st","yes"
"Case, Mr. Howard Brown","no","male",49,"1st","yes"
"Cavendish, Mr. Tyrell William","no","male",36,"1st","yes"
"Cavendish, Mrs. Tyrell William","yes","female",76,"1st","yes"
"Chaffee, Mr. Herbert Fuller","no","male",46,"1st","yes"
"Chaffee, Mrs. Herbert Fuller (C","yes","female",47,"1st","yes"
"Chambers, Mr. Norman Campbell","yes","male",27,"1st","yes"
"Chambers, Mrs. Norman Campbell","yes","female",33,"1st","yes"
"Chaudanson, Miss. Victorine","yes","female",36,"1st","yes"
"Cherry, Miss. Gladys","yes","female",30,"1st","yes"
"Chevre, Mr. Paul Romaine","yes","male",45,"1st","yes"
"Clark, Mr. Walter Miller","no","male",27,"1st","yes"
"Clark, Mrs. Walter Miller (Virg","yes","female",26,"1st","yes"
"Cleaver, Miss. Alice","yes","female",22,"1st","yes"
"Colley, Mr. Edward Pomeroy","no","male",47,"1st","yes"
"Compton, Miss. Sara Rebecca","yes","female",39,"1st","yes"
"Compton, Mr. Alexander Taylor J","no","male",37,"1st","yes"
"Compton, Mrs. Alexander Taylor","yes","female",64,"1st","yes"
"Cornell, Mrs. Robert Clifford (","yes","female",55,"1st","yes"
"Crosby, Capt. Edward Gifford","no","male",70,"1st","yes"
"Crosby, Miss. Harriet R","yes","female",36,"1st","yes"
"Crosby, Mrs. Edward Gifford (Ca","yes","female",64,"1st","yes"
"Cumings, Mr. John Bradley","no","male",39,"1st","yes"
"Cumings, Mrs. John Bradley (Flo","yes","female",38,"1st","yes"
"Daly, Mr. Peter Denis","yes","male",51,"1st","yes"
"Daniel, Mr. Robert Williams","yes","male",27,"1st","yes"
"Daniels, Miss. Sarah","yes","female",33,"1st","yes"
"Davidson, Mr. Thornton","no","male",31,"1st","yes"
"Davidson, Mrs. Thornton (Orian","yes","female",27,"1st","yes"
"Dick, Mr. Albert Adrian","yes","male",31,"1st","yes"
"Dick, Mrs. Albert Adrian (Vera","yes","female",17,"1st","no"
"Dodge, Dr. Washington","yes","male",53,"1st","yes"
"Dodge, Master. Washington","yes","male",4,"1st","no"
"Dodge, Mrs. Washington (Ruth Vi","yes","female",54,"1st","yes"
"Douglas, Mr. Walter Donald","no","male",50,"1st","yes"
"Douglas, Mrs. Frederick Charles","yes","female",27,"1st","yes"
"Douglas, Mrs. Walter Donald (Ma","yes","female",48,"1st","yes"
"Duff Gordon, Lady. (Lucille Chr","yes","female",48,"1st","yes"
"Duff Gordon, Sir. Cosmo Edmund","yes","male",49,"1st","yes"
"Dulles, Mr. William Crothers","no","male",39,"1st","yes"
"Earnshaw, Mrs. Boulton (Olive P","yes","female",23,"1st","yes"
"Endres, Miss. Caroline Louise","yes","female",38,"1st","yes"
"Eustis, Miss. Elizabeth Mussey","yes","female",54,"1st","yes"
"Evans, Miss. Edith Corse","no","female",36,"1st","yes"
"Flynn, Mr. John Irwin (Irving","yes","male",36,"1st","yes"
"Foreman, Mr. Benjamin Laventall","no","male",30,"1st","yes"
"Fortune, Miss. Alice Elizabeth","yes","female",24,"1st","yes"
"Fortune, Miss. Ethel Flora","yes","female",28,"1st","yes"
"Fortune, Miss. Mabel Helen","yes","female",23,"1st","yes"
"Fortune, Mr. Charles Alexander","no","male",19,"1st","yes"
"Fortune, Mr. Mark","no","male",64,"1st","yes"
"Fortune, Mrs. Mark (Mary McDoug","yes","female",60,"1st","yes"
"Francatelli, Miss. Laura Mabel","yes","female",30,"1st","yes"
"Frauenthal, Dr. Henry William","yes","male",50,"1st","yes"
"Frauenthal, Mr. Isaac Gerald","yes","male",43,"1st","yes"
"Frolicher, Miss. Hedwig Margari","yes","female",22,"1st","yes"
"Frolicher-Stehli, Mr. Maxmillia","yes","male",60,"1st","yes"
"Frolicher-Stehli, Mrs. Maxmilli","yes","female",48,"1st","yes"
"Futrelle, Mr. Jacques Heath","no","male",37,"1st","yes"
"Futrelle, Mrs. Jacques Heath (L","yes","female",35,"1st","yes"
"Gee, Mr. Arthur H","no","male",47,"1st","yes"
"Geiger, Miss. Amalie","yes","female",35,"1st","yes"
"Gibson, Miss. Dorothy Winifred","yes","female",22,"1st","yes"
"Gibson, Mrs. Leonard (Pauline C","yes","female",45,"1st","yes"
"Giglio, Mr. Victor","no","male",24,"1st","yes"
"Goldenberg, Mr. Samuel L","yes","male",49,"1st","yes"
"Goldschmidt, Mr. George B","no","male",71,"1st","yes"
"Gracie, Col. Archibald IV","yes","male",53,"1st","yes"
"Graham, Miss. Margaret Edith","yes","female",19,"1st","yes"
"Graham, Mr. George Edward","no","male",38,"1st","yes"
"Graham, Mrs. William Thompson (","yes","female",58,"1st","yes"
"Greenfield, Mr. William Bertram","yes","male",23,"1st","yes"
"Greenfield, Mrs. Leo David (Bla","yes","female",45,"1st","yes"
"Guggenheim, Mr. Benjamin","no","male",46,"1st","yes"
"Harder, Mr. George Achilles","yes","male",25,"1st","yes"
"Harder, Mrs. George Achilles (D","yes","female",25,"1st","yes"
"Harper, Mr. Henry Sleeper","yes","male",48,"1st","yes"
"Harper, Mrs. Henry Sleeper (Myn","yes","female",49,"1st","yes"
"Harris, Mr. Henry Birkhardt","no","male",45,"1st","yes"
"Harris, Mrs. Henry Birkhardt (I","yes","female",35,"1st","yes"
"Harrison, Mr. William","no","male",40,"1st","yes"
"Hassab, Mr. Hammad","yes","male",27,"1st","yes"
"Hays, Miss. Margaret Bechstein","yes","female",24,"1st","yes"
"Hays, Mr. Charles Melville","no","male",55,"1st","yes"
"Hays, Mrs. Charles Melville (Cl","yes","female",52,"1st","yes"
"Head, Mr. Christopher","no","male",42,"1st","yes"
"Hipkins, Mr. William Edward","no","male",55,"1st","yes"
"Hippach, Miss. Jean Gertrude","yes","female",16,"1st","no"
"Hippach, Mrs. Louis Albert (Ida","yes","female",44,"1st","yes"
"Hogeboom, Mrs. John C (Anna And","yes","female",51,"1st","yes"
"Holverson, Mr. Alexander Oskar","no","male",42,"1st","yes"
"Holverson, Mrs. Alexander Oskar","yes","female",35,"1st","yes"
"Homer, Mr. Harry (Mr E Haven)","yes","male",35,"1st","yes"
"Hoyt, Mr. Frederick Maxfield","yes","male",38,"1st","yes"
"Hoyt, Mrs. Frederick Maxfield (","yes","female",35,"1st","yes"
"Icard, Miss. Amelie","yes","female",38,"1st","yes"
"Isham, Miss. Ann Elizabeth","no","female",50,"1st","yes"
"Ismay, Mr. Joseph Bruce","yes","male",49,"1st","yes"
"Jones, Mr. Charles Cresson","no","male",46,"1st","yes"
"Julian, Mr. Henry Forbes","no","male",50,"1st","yes"
"Keeping, Mr. Edwin","no","male",32.5,"1st","yes"
"Kent, Mr. Edward Austin","no","male",58,"1st","yes"
"Kenyon, Mr. Frederick R","no","male",41,"1st","yes"
"Kimball, Mr. Edwin Nelson Jr","yes","male",42,"1st","yes"
"Kimball, Mrs. Edwin Nelson Jr (","yes","female",45,"1st","yes"
"Kreuchen, Miss. Emilie","yes","female",39,"1st","yes"
"Leader, Dr. Alice (Farnham)","yes","female",49,"1st","yes"
"LeRoy, Miss. Bertha","yes","female",30,"1st","yes"
"Lesurer, Mr. Gustave J","yes","male",35,"1st","yes"
"Lindeberg-Lind, Mr. Erik Gustaf","no","male",42,"1st","yes"
"Lindstrom, Mrs. Carl Johan (Sig","yes","female",55,"1st","yes"
"Lines, Miss. Mary Conover","yes","female",16,"1st","no"
"Lines, Mrs. Ernest H (Elizabeth","yes","female",51,"1st","yes"
"Long, Mr. Milton Clyde","no","male",29,"1st","yes"
"Longley, Miss. Gretchen Fiske","yes","female",21,"1st","yes"
"Loring, Mr. Joseph Holland","no","male",30,"1st","yes"
"Lurette, Miss. Elise","yes","female",58,"1st","yes"
"Madill, Miss. Georgette Alexand","yes","female",15,"1st","no"
"Maguire, Mr. John Edward","no","male",30,"1st","yes"
"Maioni, Miss. Roberta","yes","female",16,"1st","no"
"Marvin, Mr. Daniel Warner","no","male",19,"1st","yes"
"Marvin, Mrs. Daniel Warner (Mar","yes","female",18,"1st","yes"
"Mayne, Mlle. Berthe Antonine (","yes","female",24,"1st","yes"
"McCaffry, Mr. Thomas Francis","no","male",46,"1st","yes"
"McCarthy, Mr. Timothy J","no","male",54,"1st","yes"
"McGough, Mr. James Robert","yes","male",36,"1st","yes"
"Meyer, Mr. Edgar Joseph","no","male",28,"1st","yes"
"Millet, Mr. Francis Davis","no","male",65,"1st","yes"
"Minahan, Dr. William Edward","no","male",44,"1st","yes"
"Minahan, Miss. Daisy E","yes","female",33,"1st","yes"
"Minahan, Mrs. William Edward (L","yes","female",37,"1st","yes"
"Mock, Mr. Philipp Edmund","yes","male",30,"1st","yes"
"Molson, Mr. Harry Markland","no","male",55,"1st","yes"
"Moore, Mr. Clarence Bloomfield","no","male",47,"1st","yes"
"Natsch, Mr. Charles H","no","male",37,"1st","yes"
"Newell, Miss. Madeleine","yes","female",31,"1st","yes"
"Newell, Miss. Marjorie","yes","female",23,"1st","yes"
"Newell, Mr. Arthur Webster","no","male",58,"1st","yes"
"Newsom, Miss. Helen Monypeny","yes","female",19,"1st","yes"
"Nicholson, Mr. Arthur Ernest","no","male",64,"1st","yes"
"Oliva y Ocana, Dona. Fermina","yes","female",39,"1st","yes"
"Ostby, Miss. Helene Ragnhild","yes","female",22,"1st","yes"
"Ostby, Mr. Engelhart Cornelius","no","male",65,"1st","yes"
"Ovies y Rodriguez, Mr. Servando","no","male",28.5,"1st","yes"
"Partner, Mr. Austen","no","male",45.5,"1st","yes"
"Payne, Mr. Vivian Ponsonby","no","male",23,"1st","yes"
"Pears, Mr. Thomas Clinton","no","male",29,"1st","yes"
"Pears, Mrs. Thomas (Edith Wearn","yes","female",22,"1st","yes"
"Penasco y Castellana, Mr. Victo","no","male",18,"1st","yes"
"Penasco y Castellana, Mrs. Vict","yes","female",17,"1st","no"
"Perreault, Miss. Anne","yes","female",30,"1st","yes"
"Peuchen, Major. Arthur Godfrey","yes","male",52,"1st","yes"
"Porter, Mr. Walter Chamberlain","no","male",47,"1st","yes"
"Potter, Mrs. Thomas Jr (Lily Al","yes","female",56,"1st","yes"
"Reuchlin, Jonkheer. John George","no","male",38,"1st","yes"
"Ringhini, Mr. Sante","no","male",22,"1st","yes"
"Robert, Mrs. Edward Scott (Elis","yes","female",43,"1st","yes"
"Roebling, Mr. Washington August","no","male",31,"1st","yes"
"Romaine, Mr. Charles Hallace (","yes","male",45,"1st","yes"
"Rosenbaum, Miss. Edith Louise","yes","female",33,"1st","yes"
"Rosenshine, Mr. George (Mr Geo","no","male",46,"1st","yes"
"Ross, Mr. John Hugo","no","male",36,"1st","yes"
"Rothes, the Countess. of (Lucy","yes","female",33,"1st","yes"
"Rothschild, Mr. Martin","no","male",55,"1st","yes"
"Rothschild, Mrs. Martin (Elizab","yes","female",54,"1st","yes"
"Rowe, Mr. Alfred G","no","male",33,"1st","yes"
"Ryerson, Master. John Borie","yes","male",13,"1st","no"
"Ryerson, Miss. Emily Borie","yes","female",18,"1st","yes"
"Ryerson, Miss. Susan Parker Su","yes","female",21,"1st","yes"
"Ryerson, Mr. Arthur Larned","no","male",61,"1st","yes"
"Ryerson, Mrs. Arthur Larned (Em","yes","female",48,"1st","yes"
"Sagesser, Mlle. Emma","yes","female",24,"1st","yes"
"Schabert, Mrs. Paul (Emma Mock)","yes","female",35,"1st","yes"
"Serepeca, Miss. Augusta","yes","female",30,"1st","yes"
"Seward, Mr. Frederic Kimber","yes","male",34,"1st","yes"
"Shutes, Miss. Elizabeth W","yes","female",40,"1st","yes"
"Silverthorne, Mr. Spencer Victo","yes","male",35,"1st","yes"
"Silvey, Mr. William Baird","no","male",50,"1st","yes"
"Silvey, Mrs. William Baird (Ali","yes","female",39,"1st","yes"
"Simonius-Blumer, Col. Oberst Al","yes","male",56,"1st","yes"
"Sloper, Mr. William Thompson","yes","male",28,"1st","yes"
"Smart, Mr. John Montgomery","no","male",56,"1st","yes"
"Smith, Mr. James Clinch","no","male",56,"1st","yes"
"Smith, Mr. Lucien Philip","no","male",24,"1st","yes"
"Smith, Mrs. Lucien Philip (Mary","yes","female",18,"1st","yes"
"Snyder, Mr. John Pillsbury","yes","male",24,"1st","yes"
"Snyder, Mrs. John Pillsbury (Ne","yes","female",23,"1st","yes"
"Spedden, Master. Robert Douglas","yes","male",6,"1st","no"
"Spedden, Mr. Frederic Oakley","yes","male",45,"1st","yes"
"Spedden, Mrs. Frederic Oakley (","yes","female",40,"1st","yes"
"Spencer, Mr. William Augustus","no","male",57,"1st","yes"
"Stahelin-Maeglin, Dr. Max","yes","male",32,"1st","yes"
"Stead, Mr. William Thomas","no","male",62,"1st","yes"
"Stengel, Mr. Charles Emil Henry","yes","male",54,"1st","yes"
"Stengel, Mrs. Charles Emil Henr","yes","female",43,"1st","yes"
"Stephenson, Mrs. Walter Bertram","yes","female",52,"1st","yes"
"Stone, Mrs. George Nelson (Mart","yes","female",62,"1st","yes"
"Straus, Mr. Isidor","no","male",67,"1st","yes"
"Straus, Mrs. Isidor (Rosalie Id","no","female",63,"1st","yes"
"Sutton, Mr. Frederick","no","male",61,"1st","yes"
"Swift, Mrs. Frederick Joel (Mar","yes","female",48,"1st","yes"
"Taussig, Miss. Ruth","yes","female",18,"1st","yes"
"Taussig, Mr. Emil","no","male",52,"1st","yes"
"Taussig, Mrs. Emil (Tillie Mand","yes","female",39,"1st","yes"
"Taylor, Mr. Elmer Zebley","yes","male",48,"1st","yes"
"Thayer, Mr. John Borland","no","male",49,"1st","yes"
"Thayer, Mr. John Borland Jr","yes","male",17,"1st","no"
"Thayer, Mrs. John Borland (Mari","yes","female",39,"1st","yes"
"Tucker, Mr. Gilbert Milligan Jr","yes","male",31,"1st","yes"
"Uruchurtu, Don. Manuel E","no","male",40,"1st","yes"
"Van der hoef, Mr. Wyckoff","no","male",61,"1st","yes"
"Walker, Mr. William Anderson","no","male",47,"1st","yes"
"Ward, Miss. Anna","yes","female",35,"1st","yes"
"Warren, Mr. Frank Manley","no","male",64,"1st","yes"
"Warren, Mrs. Frank Manley (Anna","yes","female",60,"1st","yes"
"Weir, Col. John","no","male",60,"1st","yes"
"White, Mr. Percival Wayland","no","male",54,"1st","yes"
"White, Mr. Richard Frasar","no","male",21,"1st","yes"
"White, Mrs. John Stuart (Ella H","yes","female",55,"1st","yes"
"Wick, Miss. Mary Natalie","yes","female",31,"1st","yes"
"Wick, Mr. George Dennick","no","male",57,"1st","yes"
"Wick, Mrs. George Dennick (Mary","yes","female",45,"1st","yes"
"Widener, Mr. George Dunton","no","male",50,"1st","yes"
"Widener, Mr. Harry Elkins","no","male",27,"1st","yes"
"Widener, Mrs. George Dunton (El","yes","female",50,"1st","yes"
"Willard, Miss. Constance","yes","female",21,"1st","yes"
"Williams, Mr. Charles Duane","no","male",51,"1st","yes"
"Williams, Mr. Richard Norris II","yes","male",21,"1st","yes"
"Wilson, Miss. Helen Alice","yes","female",31,"1st","yes"
"Wright, Mr. George","no","male",62,"1st","yes"
"Young, Miss. Marie Grice","yes","female",36,"1st","yes"
"Abelson, Mr. Samuel","no","male",30,"2nd","yes"
"Abelson, Mrs. Samuel (Hannah Wi","yes","female",28,"2nd","yes"
"Aldworth, Mr. Charles Augustus","no","male",30,"2nd","yes"
"Andrew, Mr. Edgardo Samuel","no","male",18,"2nd","yes"
"Andrew, Mr. Frank Thomas","no","male",25,"2nd","yes"
"Angle, Mr. William A","no","male",34,"2nd","yes"
"Angle, Mrs. William A (Florence","yes","female",36,"2nd","yes"
"Ashby, Mr. John","no","male",57,"2nd","yes"
"Bailey, Mr. Percy Andrew","no","male",18,"2nd","yes"
"Baimbrigge, Mr. Charles Robert","no","male",23,"2nd","yes"
"Ball, Mrs. (Ada E Hall)","yes","female",36,"2nd","yes"
"Banfield, Mr. Frederick James","no","male",28,"2nd","yes"
"Bateman, Rev. Robert James","no","male",51,"2nd","yes"
"Beane, Mr. Edward","yes","male",32,"2nd","yes"
"Beane, Mrs. Edward (Ethel Clark","yes","female",19,"2nd","yes"
"Beauchamp, Mr. Henry James","no","male",28,"2nd","yes"
"Becker, Master. Richard F","yes","male",1,"2nd","no"
"Becker, Miss. Marion Louise","yes","female",4,"2nd","no"
"Becker, Miss. Ruth Elizabeth","yes","female",12,"2nd","no"
"Becker, Mrs. Allen Oliver (Nell","yes","female",36,"2nd","yes"
"Beesley, Mr. Lawrence","yes","male",34,"2nd","yes"
"Bentham, Miss. Lilian W","yes","female",19,"2nd","yes"
"Berriman, Mr. William John","no","male",23,"2nd","yes"
"Botsford, Mr. William Hull","no","male",26,"2nd","yes"
"Bowenur, Mr. Solomon","no","male",42,"2nd","yes"
"Bracken, Mr. James H","no","male",27,"2nd","yes"
"Brown, Miss. Amelia Mildred","yes","female",24,"2nd","yes"
"Brown, Miss. Edith Eileen","yes","female",15,"2nd","no"
"Brown, Mr. Thomas William Solom","no","male",60,"2nd","yes"
"Brown, Mrs. Thomas William Solo","yes","female",40,"2nd","yes"
"Bryhl, Miss. Dagmar Jenny Ingeb","yes","female",20,"2nd","yes"
"Bryhl, Mr. Kurt Arnold Gottfrid","no","male",25,"2nd","yes"
"Buss, Miss. Kate","yes","female",36,"2nd","yes"
"Butler, Mr. Reginald Fenton","no","male",25,"2nd","yes"
"Byles, Rev. Thomas Roussel Davi","no","male",42,"2nd","yes"
"Bystrom, Mrs. (Karolina)","yes","female",42,"2nd","yes"
"Caldwell, Master. Alden Gates","yes","male",0.833299994,"2nd","no"
"Caldwell, Mr. Albert Francis","yes","male",26,"2nd","yes"
"Caldwell, Mrs. Albert Francis (","yes","female",22,"2nd","yes"
"Cameron, Miss. Clear Annie","yes","female",35,"2nd","yes"
"Carbines, Mr. William","no","male",19,"2nd","yes"
"Carter, Mrs. Ernest Courtenay (","no","female",44,"2nd","yes"
"Carter, Rev. Ernest Courtenay","no","male",54,"2nd","yes"
"Chapman, Mr. Charles Henry","no","male",52,"2nd","yes"
"Chapman, Mr. John Henry","no","male",37,"2nd","yes"
"Chapman, Mrs. John Henry (Sara","no","female",29,"2nd","yes"
"Christy, Miss. Julie Rachel","yes","female",25,"2nd","yes"
"Christy, Mrs. (Alice Frances)","yes","female",45,"2nd","yes"
"Clarke, Mr. Charles Valentine","no","male",29,"2nd","yes"
"Clarke, Mrs. Charles V (Ada Mar","yes","female",28,"2nd","yes"
"Coleridge, Mr. Reginald Charles","no","male",29,"2nd","yes"
"Collander, Mr. Erik Gustaf","no","male",28,"2nd","yes"
"Collett, Mr. Sidney C Stuart","yes","male",24,"2nd","yes"
"Collyer, Miss. Marjorie Lottie","yes","female",8,"2nd","no"
"Collyer, Mr. Harvey","no","male",31,"2nd","yes"
"Collyer, Mrs. Harvey (Charlotte","yes","female",31,"2nd","yes"
"Cook, Mrs. (Selena Rogers)","yes","female",22,"2nd","yes"
"Corbett, Mrs. Walter H (Irene C","no","female",30,"2nd","yes"
"Cotterill, Mr. Henry Harry","no","male",21,"2nd","yes"
"Davies, Master. John Morgan Jr","yes","male",8,"2nd","no"
"Davies, Mr. Charles Henry","no","male",18,"2nd","yes"
"Davies, Mrs. John Morgan (Eliza","yes","female",48,"2nd","yes"
"Davis, Miss. Mary","yes","female",28,"2nd","yes"
"de Brito, Mr. Jose Joaquim","no","male",32,"2nd","yes"
"Deacon, Mr. Percy William","no","male",17,"2nd","no"
"del Carlo, Mr. Sebastiano","no","male",29,"2nd","yes"
"del Carlo, Mrs. Sebastiano (Arg","yes","female",24,"2nd","yes"
"Denbury, Mr. Herbert","no","male",25,"2nd","yes"
"Dibden, Mr. William","no","male",18,"2nd","yes"
"Doling, Miss. Elsie","yes","female",18,"2nd","yes"
"Doling, Mrs. John T (Ada Julia","yes","female",34,"2nd","yes"
"Downton, Mr. William James","no","male",54,"2nd","yes"
"Drew, Master. Marshall Brines","yes","male",8,"2nd","no"
"Drew, Mr. James Vivian","no","male",42,"2nd","yes"
"Drew, Mrs. James Vivian (Lulu T","yes","female",34,"2nd","yes"
"Duran y More, Miss. Asuncion","yes","female",27,"2nd","yes"
"Duran y More, Miss. Florentina","yes","female",30,"2nd","yes"
"Eitemiller, Mr. George Floyd","no","male",23,"2nd","yes"
"Enander, Mr. Ingvar","no","male",21,"2nd","yes"
"Fahlstrom, Mr. Arne Jonas","no","male",18,"2nd","yes"
"Faunthorpe, Mr. Harry","no","male",40,"2nd","yes"
"Faunthorpe, Mrs. Lizzie (Elizab","yes","female",29,"2nd","yes"
"Fillbrook, Mr. Joseph Charles","no","male",18,"2nd","yes"
"Fox, Mr. Stanley Hubert","no","male",36,"2nd","yes"
"Funk, Miss. Annie Clemmer","no","female",38,"2nd","yes"
"Fynney, Mr. Joseph J","no","male",35,"2nd","yes"
"Gale, Mr. Harry","no","male",38,"2nd","yes"
"Gale, Mr. Shadrach","no","male",34,"2nd","yes"
"Garside, Miss. Ethel","yes","female",34,"2nd","yes"
"Gaskell, Mr. Alfred","no","male",16,"2nd","no"
"Gavey, Mr. Lawrence","no","male",26,"2nd","yes"
"Gilbert, Mr. William","no","male",47,"2nd","yes"
"Giles, Mr. Edgar","no","male",21,"2nd","yes"
"Giles, Mr. Frederick Edward","no","male",21,"2nd","yes"
"Giles, Mr. Ralph","no","male",24,"2nd","yes"
"Gill, Mr. John William","no","male",24,"2nd","yes"
"Gillespie, Mr. William Henry","no","male",34,"2nd","yes"
"Givard, Mr. Hans Kristensen","no","male",30,"2nd","yes"
"Greenberg, Mr. Samuel","no","male",52,"2nd","yes"
"Hale, Mr. Reginald","no","male",30,"2nd","yes"
"Hamalainen, Master. Viljo","yes","male",0.666700006,"2nd","no"
"Hamalainen, Mrs. William (Anna)","yes","female",24,"2nd","yes"
"Harbeck, Mr. William H","no","male",44,"2nd","yes"
"Harper, Miss. Annie Jessie Nin","yes","female",6,"2nd","no"
"Harper, Rev. John","no","male",28,"2nd","yes"
"Harris, Mr. George","yes","male",62,"2nd","yes"
"Harris, Mr. Walter","no","male",30,"2nd","yes"
"Hart, Miss. Eva Miriam","yes","female",7,"2nd","no"
"Hart, Mr. Benjamin","no","male",43,"2nd","yes"
"Hart, Mrs. Benjamin (Esther Ada","yes","female",45,"2nd","yes"
"Herman, Miss. Alice","yes","female",24,"2nd","yes"
"Herman, Miss. Kate","yes","female",24,"2nd","yes"
"Herman, Mr. Samuel","no","male",49,"2nd","yes"
"Herman, Mrs. Samuel (Jane Laver","yes","female",48,"2nd","yes"
"Hewlett, Mrs. (Mary D Kingcome)","yes","female",55,"2nd","yes"
"Hickman, Mr. Leonard Mark","no","male",24,"2nd","yes"
"Hickman, Mr. Lewis","no","male",32,"2nd","yes"
"Hickman, Mr. Stanley George","no","male",21,"2nd","yes"
"Hiltunen, Miss. Marta","no","female",18,"2nd","yes"
"Hocking, Miss. Ellen Nellie","yes","female",20,"2nd","yes"
"Hocking, Mr. Richard George","no","male",23,"2nd","yes"
"Hocking, Mr. Samuel James Metca","no","male",36,"2nd","yes"
"Hocking, Mrs. Elizabeth (Eliza","yes","female",54,"2nd","yes"
"Hodges, Mr. Henry Price","no","male",50,"2nd","yes"
"Hold, Mr. Stephen","no","male",44,"2nd","yes"
"Hold, Mrs. Stephen (Annie Marga","yes","female",29,"2nd","yes"
"Hood, Mr. Ambrose Jr","no","male",21,"2nd","yes"
"Hosono, Mr. Masabumi","yes","male",42,"2nd","yes"
"Howard, Mr. Benjamin","no","male",63,"2nd","yes"
"Howard, Mrs. Benjamin (Ellen Tr","no","female",60,"2nd","yes"
"Hunt, Mr. George Henry","no","male",33,"2nd","yes"
"Ilett, Miss. Bertha","yes","female",17,"2nd","no"
"Jacobsohn, Mr. Sidney Samuel","no","male",42,"2nd","yes"
"Jacobsohn, Mrs. Sidney Samuel (","yes","female",24,"2nd","yes"
"Jarvis, Mr. John Denzil","no","male",47,"2nd","yes"
"Jefferys, Mr. Clifford Thomas","no","male",24,"2nd","yes"
"Jefferys, Mr. Ernest Wilfred","no","male",22,"2nd","yes"
"Jenkin, Mr. Stephen Curnow","no","male",32,"2nd","yes"
"Jerwan, Mrs. Amin S (Marie Mart","yes","female",23,"2nd","yes"
"Kantor, Mr. Sinai","no","male",34,"2nd","yes"
"Kantor, Mrs. Sinai (Miriam Ster","yes","female",24,"2nd","yes"
"Karnes, Mrs. J Frank (Claire Be","no","female",22,"2nd","yes"
"Keane, Mr. Daniel","no","male",35,"2nd","yes"
"Kelly, Mrs. Florence Fannie","yes","female",45,"2nd","yes"
"Kirkland, Rev. Charles Leonard","no","male",57,"2nd","yes"
"Kvillner, Mr. Johan Henrik Joha","no","male",31,"2nd","yes"
"Lahtinen, Mrs. William (Anna Sy","no","female",26,"2nd","yes"
"Lahtinen, Rev. William","no","male",30,"2nd","yes"
"Laroche, Miss. Louise","yes","female",1,"2nd","no"
"Laroche, Miss. Simonne Marie An","yes","female",3,"2nd","no"
"Laroche, Mr. Joseph Philippe Le","no","male",25,"2nd","yes"
"Laroche, Mrs. Joseph (Juliette","yes","female",22,"2nd","yes"
"Lehmann, Miss. Bertha","yes","female",17,"2nd","no"
"Lemore, Mrs. (Amelia Milley)","yes","female",34,"2nd","yes"
"Levy, Mr. Rene Jacques","no","male",36,"2nd","yes"
"Leyson, Mr. Robert William Norm","no","male",24,"2nd","yes"
"Lingane, Mr. John","no","male",61,"2nd","yes"
"Louch, Mr. Charles Alexander","no","male",50,"2nd","yes"
"Louch, Mrs. Charles Alexander (","yes","female",42,"2nd","yes"
"Mack, Mrs. (Mary)","no","female",57,"2nd","yes"
"Mallet, Master. Andre","yes","male",1,"2nd","no"
"Mallet, Mr. Albert","no","male",31,"2nd","yes"
"Mallet, Mrs. Albert (Antoinette","yes","female",24,"2nd","yes"
"Matthews, Mr. William John","no","male",30,"2nd","yes"
"Maybery, Mr. Frank Hubert","no","male",40,"2nd","yes"
"McCrae, Mr. Arthur Gordon","no","male",32,"2nd","yes"
"McCrie, Mr. James Matthew","no","male",30,"2nd","yes"
"McKane, Mr. Peter David","no","male",46,"2nd","yes"
"Mellinger, Miss. Madeleine Viol","yes","female",13,"2nd","no"
"Mellinger, Mrs. (Elizabeth Anne","yes","female",41,"2nd","yes"
"Mellors, Mr. William John","yes","male",19,"2nd","yes"
"Meyer, Mr. August","no","male",39,"2nd","yes"
"Milling, Mr. Jacob Christian","no","male",48,"2nd","yes"
"Mitchell, Mr. Henry Michael","no","male",70,"2nd","yes"
"Montvila, Rev. Juozas","no","male",27,"2nd","yes"
"Moraweck, Dr. Ernest","no","male",54,"2nd","yes"
"Morley, Mr. Henry Samuel (Mr H","no","male",39,"2nd","yes"
"Mudd, Mr. Thomas Charles","no","male",16,"2nd","no"
"Myles, Mr. Thomas Francis","no","male",62,"2nd","yes"
"Nasser, Mr. Nicholas","no","male",32.5,"2nd","yes"
"Nasser, Mrs. Nicholas (Adele Ac","yes","female",14,"2nd","no"
"Navratil, Master. Edmond Roger","yes","male",2,"2nd","no"
"Navratil, Master. Michel M","yes","male",3,"2nd","no"
"Navratil, Mr. Michel (Louis M","no","male",36.5,"2nd","yes"
"Nesson, Mr. Israel","no","male",26,"2nd","yes"
"Nicholls, Mr. Joseph Charles","no","male",19,"2nd","yes"
"Norman, Mr. Robert Douglas","no","male",28,"2nd","yes"
"Nourney, Mr. Alfred (Baron von","yes","male",20,"2nd","yes"
"Nye, Mrs. (Elizabeth Ramell)","yes","female",29,"2nd","yes"
"Otter, Mr. Richard","no","male",39,"2nd","yes"
"Oxenham, Mr. Percy Thomas","yes","male",22,"2nd","yes"
"Pain, Dr. Alfred","no","male",23,"2nd","yes"
"Pallas y Castello, Mr. Emilio","yes","male",29,"2nd","yes"
"Parker, Mr. Clifford Richard","no","male",28,"2nd","yes"
"Parrish, Mrs. (Lutie Davis)","yes","female",50,"2nd","yes"
"Pengelly, Mr. Frederick William","no","male",19,"2nd","yes"
"Peruschitz, Rev. Joseph Maria","no","male",41,"2nd","yes"
"Phillips, Miss. Alice Frances L","yes","female",21,"2nd","yes"
"Phillips, Miss. Kate Florence (","yes","female",19,"2nd","yes"
"Phillips, Mr. Escott Robert","no","male",43,"2nd","yes"
"Pinsky, Mrs. (Rosa)","yes","female",32,"2nd","yes"
"Ponesell, Mr. Martin","no","male",34,"2nd","yes"
"Portaluppi, Mr. Emilio Ilario G","yes","male",30,"2nd","yes"
"Pulbaum, Mr. Franz","no","male",27,"2nd","yes"
"Quick, Miss. Phyllis May","yes","female",2,"2nd","no"
"Quick, Miss. Winifred Vera","yes","female",8,"2nd","no"
"Quick, Mrs. Frederick Charles (","yes","female",33,"2nd","yes"
"Reeves, Mr. David","no","male",36,"2nd","yes"
"Renouf, Mr. Peter Henry","no","male",34,"2nd","yes"
"Renouf, Mrs. Peter Henry (Lilli","yes","female",30,"2nd","yes"
"Reynaldo, Ms. Encarnacion","yes","female",28,"2nd","yes"
"Richard, Mr. Emile","no","male",23,"2nd","yes"
"Richards, Master. George Sibley","yes","male",0.833299994,"2nd","no"
"Richards, Master. William Rowe","yes","male",3,"2nd","no"
"Richards, Mrs. Sidney (Emily Ho","yes","female",24,"2nd","yes"
"Ridsdale, Miss. Lucy","yes","female",50,"2nd","yes"
"Rogers, Mr. Reginald Harry","no","male",19,"2nd","yes"
"Rugg, Miss. Emily","yes","female",21,"2nd","yes"
"Schmidt, Mr. August","no","male",26,"2nd","yes"
"Sedgwick, Mr. Charles Frederick","no","male",25,"2nd","yes"
"Sharp, Mr. Percival James R","no","male",27,"2nd","yes"
"Shelley, Mrs. William (Imanita","yes","female",25,"2nd","yes"
"Silven, Miss. Lyyli Karoliina","yes","female",18,"2nd","yes"
"Sincock, Miss. Maude","yes","female",20,"2nd","yes"
"Sinkkonen, Miss. Anna","yes","female",30,"2nd","yes"
"Sjostedt, Mr. Ernst Adolf","no","male",59,"2nd","yes"
"Slayter, Miss. Hilda Mary","yes","female",30,"2nd","yes"
"Slemen, Mr. Richard James","no","male",35,"2nd","yes"
"Smith, Miss. Marion Elsie","yes","female",40,"2nd","yes"
"Sobey, Mr. Samuel James Hayden","no","male",25,"2nd","yes"
"Stanton, Mr. Samuel Ward","no","male",41,"2nd","yes"
"Stokes, Mr. Philip Joseph","no","male",25,"2nd","yes"
"Swane, Mr. George","no","male",18.5,"2nd","yes"
"Sweet, Mr. George Frederick","no","male",14,"2nd","no"
"Toomey, Miss. Ellen","yes","female",50,"2nd","yes"
"Troupiansky, Mr. Moses Aaron","no","male",23,"2nd","yes"
"Trout, Mrs. William H (Jessie L","yes","female",28,"2nd","yes"
"Troutt, Miss. Edwina Celia Win","yes","female",27,"2nd","yes"
"Turpin, Mr. William John Robert","no","male",29,"2nd","yes"
"Turpin, Mrs. William John Rober","no","female",27,"2nd","yes"
"Veal, Mr. James","no","male",40,"2nd","yes"
"Walcroft, Miss. Nellie","yes","female",31,"2nd","yes"
"Ware, Mr. John James","no","male",30,"2nd","yes"
"Ware, Mr. William Jeffery","no","male",23,"2nd","yes"
"Ware, Mrs. John James (Florence","yes","female",31,"2nd","yes"
"Watt, Miss. Bertha J","yes","female",12,"2nd","no"
"Watt, Mrs. James (Elizabeth Be","yes","female",40,"2nd","yes"
"Webber, Miss. Susan","yes","female",32.5,"2nd","yes"
"Weisz, Mr. Leopold","no","male",27,"2nd","yes"
"Weisz, Mrs. Leopold (Mathilde F","yes","female",29,"2nd","yes"
"Wells, Master. Ralph Lester","yes","male",2,"2nd","no"
"Wells, Miss. Joan","yes","female",4,"2nd","no"
"Wells, Mrs. Arthur Henry (Addi","yes","female",29,"2nd","yes"
"West, Miss. Barbara J","yes","female",0.916700006,"2nd","no"
"West, Miss. Constance Mirium","yes","female",5,"2nd","no"
"West, Mr. Edwy Arthur","no","male",36,"2nd","yes"
"West, Mrs. Edwy Arthur (Ada Mar","yes","female",33,"2nd","yes"
"Wheadon, Mr. Edward H","no","male",66,"2nd","yes"
"Wilhelms, Mr. Charles","yes","male",31,"2nd","yes"
"Wright, Miss. Marion","yes","female",26,"2nd","yes"
"Yrois, Miss. Henriette (Mrs Ha","no","female",24,"2nd","yes"
"Abbing, Mr. Anthony","no","male",42,"3rd","yes"
"Abbott, Master. Eugene Joseph","no","male",13,"3rd","no"
"Abbott, Mr. Rossmore Edward","no","male",16,"3rd","no"
"Abbott, Mrs. Stanton (Rosa Hunt","yes","female",35,"3rd","yes"
"Abelseth, Miss. Karen Marie","yes","female",16,"3rd","no"
"Abelseth, Mr. Olaus Jorgensen","yes","male",25,"3rd","yes"
"Abrahamsson, Mr. Abraham August","yes","male",20,"3rd","yes"
"Abrahim, Mrs. Joseph (Sophie Ha","yes","female",18,"3rd","yes"
"Adahl, Mr. Mauritz Nils Martin","no","male",30,"3rd","yes"
"Adams, Mr. John","no","male",26,"3rd","yes"
"Ahlin, Mrs. Johan (Johanna Pers","no","female",40,"3rd","yes"
"Aks, Master. Philip Frank","yes","male",0.833299994,"3rd","no"
"Aks, Mrs. Sam (Leah Rosen)","yes","female",18,"3rd","yes"
"Albimona, Mr. Nassef Cassem","yes","male",26,"3rd","yes"
"Alexander, Mr. William","no","male",26,"3rd","yes"
"Alhomaki, Mr. Ilmari Rudolf","no","male",20,"3rd","yes"
"Ali, Mr. Ahmed","no","male",24,"3rd","yes"
"Ali, Mr. William","no","male",25,"3rd","yes"
"Allen, Mr. William Henry","no","male",35,"3rd","yes"
"Allum, Mr. Owen George","no","male",18,"3rd","yes"
"Andersen, Mr. Albert Karvin","no","male",32,"3rd","yes"
"Andersen-Jensen, Miss. Carla Ch","yes","female",19,"3rd","yes"
"Andersson, Master. Sigvard Hara","no","male",4,"3rd","no"
"Andersson, Miss. Ebba Iris Alfr","no","female",6,"3rd","no"
"Andersson, Miss. Ellis Anna Mar","no","female",2,"3rd","no"
"Andersson, Miss. Erna Alexandra","yes","female",17,"3rd","no"
"Andersson, Miss. Ida Augusta Ma","no","female",38,"3rd","yes"
"Andersson, Miss. Ingeborg Const","no","female",9,"3rd","no"
"Andersson, Miss. Sigrid Elisabe","no","female",11,"3rd","no"
"Andersson, Mr. Anders Johan","no","male",39,"3rd","yes"
"Andersson, Mr. August Edvard (","yes","male",27,"3rd","yes"
"Andersson, Mr. Johan Samuel","no","male",26,"3rd","yes"
"Andersson, Mrs. Anders Johan (A","no","female",39,"3rd","yes"
"Andreasson, Mr. Paul Edvin","no","male",20,"3rd","yes"
"Angheloff, Mr. Minko","no","male",26,"3rd","yes"
"Arnold-Franchi, Mr. Josef","no","male",25,"3rd","yes"
"Arnold-Franchi, Mrs. Josef (Jos","no","female",18,"3rd","yes"
"Aronsson, Mr. Ernst Axel Algot","no","male",24,"3rd","yes"
"Asim, Mr. Adola","no","male",35,"3rd","yes"
"Asplund, Master. Carl Edgar","no","male",5,"3rd","no"
"Asplund, Master. Clarence Gusta","no","male",9,"3rd","no"
"Asplund, Master. Edvin Rojj Fel","yes","male",3,"3rd","no"
"Asplund, Master. Filip Oscar","no","male",13,"3rd","no"
"Asplund, Miss. Lillian Gertrud","yes","female",5,"3rd","no"
"Asplund, Mr. Carl Oscar Vilhelm","no","male",40,"3rd","yes"
"Asplund, Mr. Johan Charles","yes","male",23,"3rd","yes"
"Asplund, Mrs. Carl Oscar (Selma","yes","female",38,"3rd","yes"
"Assaf Khalil, Mrs. Mariana (Mi","yes","female",45,"3rd","yes"
"Assaf, Mr. Gerios","no","male",21,"3rd","yes"
"Assam, Mr. Ali","no","male",23,"3rd","yes"
"Attalah, Miss. Malake","no","female",17,"3rd","no"
"Attalah, Mr. Sleiman","no","male",30,"3rd","yes"
"Augustsson, Mr. Albert","no","male",23,"3rd","yes"
"Ayoub, Miss. Banoura","yes","female",13,"3rd","no"
"Baccos, Mr. Raffull","no","male",20,"3rd","yes"
"Backstrom, Mr. Karl Alfred","no","male",32,"3rd","yes"
"Backstrom, Mrs. Karl Alfred (Ma","yes","female",33,"3rd","yes"
"Baclini, Miss. Eugenie","yes","female",0.75,"3rd","no"
"Baclini, Miss. Helene Barbara","yes","female",0.75,"3rd","no"
"Baclini, Miss. Marie Catherine","yes","female",5,"3rd","no"
"Baclini, Mrs. Solomon (Latifa Q","yes","female",24,"3rd","yes"
"Badman, Miss. Emily Louisa","yes","female",18,"3rd","yes"
"Badt, Mr. Mohamed","no","male",40,"3rd","yes"
"Balkic, Mr. Cerin","no","male",26,"3rd","yes"
"Barah, Mr. Hanna Assi","yes","male",20,"3rd","yes"
"Barbara, Miss. Saiide","no","female",18,"3rd","yes"
"Barbara, Mrs. (Catherine David)","no","female",45,"3rd","yes"
"Barry, Miss. Julia","no","female",27,"3rd","yes"
"Barton, Mr. David John","no","male",22,"3rd","yes"
"Beavan, Mr. William Thomas","no","male",19,"3rd","yes"
"Bengtsson, Mr. John Viktor","no","male",26,"3rd","yes"
"Berglund, Mr. Karl Ivar Sven","no","male",22,"3rd","yes"
"Betros, Mr. Tannous","no","male",20,"3rd","yes"
"Bing, Mr. Lee","yes","male",32,"3rd","yes"
"Birkeland, Mr. Hans Martin Mons","no","male",21,"3rd","yes"
"Bjorklund, Mr. Ernst Herbert","no","male",18,"3rd","yes"
"Bostandyeff, Mr. Guentcho","no","male",26,"3rd","yes"
"Boulos, Master. Akar","no","male",6,"3rd","no"
"Boulos, Miss. Nourelain","no","female",9,"3rd","no"
"Bourke, Mr. John","no","male",40,"3rd","yes"
"Bourke, Mrs. John (Catherine)","no","female",32,"3rd","yes"
"Bowen, Mr. David John Dai","no","male",21,"3rd","yes"
"Bradley, Miss. Bridget Delia","yes","female",22,"3rd","yes"
"Braf, Miss. Elin Ester Maria","no","female",20,"3rd","yes"
"Braund, Mr. Lewis Richard","no","male",29,"3rd","yes"
"Braund, Mr. Owen Harris","no","male",22,"3rd","yes"
"Brobeck, Mr. Karl Rudolf","no","male",22,"3rd","yes"
"Brocklebank, Mr. William Alfred","no","male",35,"3rd","yes"
"Buckley, Miss. Katherine","no","female",18.5,"3rd","yes"
"Buckley, Mr. Daniel","yes","male",21,"3rd","yes"
"Burke, Mr. Jeremiah","no","male",19,"3rd","yes"
"Burns, Miss. Mary Delia","no","female",18,"3rd","yes"
"Cacic, Miss. Manda","no","female",21,"3rd","yes"
"Cacic, Miss. Marija","no","female",30,"3rd","yes"
"Cacic, Mr. Jego Grga","no","male",18,"3rd","yes"
"Cacic, Mr. Luka","no","male",38,"3rd","yes"
"Calic, Mr. Jovo","no","male",17,"3rd","no"
"Calic, Mr. Petar","no","male",17,"3rd","no"
"Canavan, Miss. Mary","no","female",21,"3rd","yes"
"Canavan, Mr. Patrick","no","male",21,"3rd","yes"
"Cann, Mr. Ernest Charles","no","male",21,"3rd","yes"
"Carlsson, Mr. August Sigfrid","no","male",28,"3rd","yes"
"Carlsson, Mr. Carl Robert","no","male",24,"3rd","yes"
"Carr, Miss. Helen Ellen","yes","female",16,"3rd","no"
"Carr, Miss. Jeannie","no","female",37,"3rd","yes"
"Carver, Mr. Alfred John","no","male",28,"3rd","yes"
"Celotti, Mr. Francesco","no","male",24,"3rd","yes"
"Charters, Mr. David","no","male",21,"3rd","yes"
"Chip, Mr. Chang","yes","male",32,"3rd","yes"
"Christmann, Mr. Emil","no","male",29,"3rd","yes"
"Chronopoulos, Mr. Apostolos","no","male",26,"3rd","yes"
"Chronopoulos, Mr. Demetrios","no","male",18,"3rd","yes"
"Coelho, Mr. Domingos Fernandeo","no","male",20,"3rd","yes"
"Cohen, Mr. Gurshon Gus","yes","male",18,"3rd","yes"
"Colbert, Mr. Patrick","no","male",24,"3rd","yes"
"Coleff, Mr. Peju","no","male",36,"3rd","yes"
"Coleff, Mr. Satio","no","male",24,"3rd","yes"
"Conlon, Mr. Thomas Henry","no","male",31,"3rd","yes"
"Connaghton, Mr. Michael","no","male",31,"3rd","yes"
"Connolly, Miss. Kate (A)","yes","female",22,"3rd","yes"
"Connolly, Miss. Kate (B)","no","female",30,"3rd","yes"
"Connors, Mr. Patrick","no","male",70.5,"3rd","yes"
"Cook, Mr. Jacob","no","male",43,"3rd","yes"
"Cor, Mr. Bartol","no","male",35,"3rd","yes"
"Cor, Mr. Ivan","no","male",27,"3rd","yes"
"Cor, Mr. Liudevit","no","male",19,"3rd","yes"
"Corn, Mr. Harry","no","male",30,"3rd","yes"
"Coutts, Master. Eden Leslie Ne","yes","male",9,"3rd","no"
"Coutts, Master. William Loch W","yes","male",3,"3rd","no"
"Coutts, Mrs. William (Winnie M","yes","female",36,"3rd","yes"
"Coxon, Mr. Daniel","no","male",59,"3rd","yes"
"Crease, Mr. Ernest James","no","male",19,"3rd","yes"
"Cribb, Miss. Laura Alice","yes","female",17,"3rd","no"
"Cribb, Mr. John Hatfield","no","male",44,"3rd","yes"
"Culumovic, Mr. Jeso","no","male",17,"3rd","no"
"Daher, Mr. Shedid","no","male",22.5,"3rd","yes"
"Dahl, Mr. Karl Edwart","yes","male",45,"3rd","yes"
"Dahlberg, Miss. Gerda Ulrika","no","female",22,"3rd","yes"
"Dakic, Mr. Branko","no","male",19,"3rd","yes"
"Daly, Miss. Margaret Marcella ","yes","female",30,"3rd","yes"
"Daly, Mr. Eugene Patrick","yes","male",29,"3rd","yes"
"Danbom, Master. Gilbert Sigvard","no","male",0.333299994,"3rd","no"
"Danbom, Mr. Ernst Gilbert","no","male",34,"3rd","yes"
"Danbom, Mrs. Ernst Gilbert (Ann","no","female",28,"3rd","yes"
"Danoff, Mr. Yoto","no","male",27,"3rd","yes"
"Dantcheff, Mr. Ristiu","no","male",25,"3rd","yes"
"Davies, Mr. Alfred J","no","male",24,"3rd","yes"
"Davies, Mr. Evan","no","male",22,"3rd","yes"
"Davies, Mr. John Samuel","no","male",21,"3rd","yes"
"Davies, Mr. Joseph","no","male",17,"3rd","no"
"de Messemaeker, Mr. Guillaume J","yes","male",36.5,"3rd","yes"
"de Messemaeker, Mrs. Guillaume","yes","female",36,"3rd","yes"
"de Mulder, Mr. Theodore","yes","male",30,"3rd","yes"
"de Pelsmaeker, Mr. Alfons","no","male",16,"3rd","no"
"Dean, Master. Bertram Vere","yes","male",1,"3rd","no"
"Dean, Miss. Elizabeth Gladys M","yes","female",0.166700006,"3rd","no"
"Dean, Mr. Bertram Frank","no","male",26,"3rd","yes"
"Dean, Mrs. Bertram (Eva Georget","yes","female",33,"3rd","yes"
"Delalic, Mr. Redjo","no","male",25,"3rd","yes"
"Dennis, Mr. Samuel","no","male",22,"3rd","yes"
"Dennis, Mr. William","no","male",36,"3rd","yes"
"Devaney, Miss. Margaret Delia","yes","female",19,"3rd","yes"
"Dika, Mr. Mirko","no","male",17,"3rd","no"
"Dimic, Mr. Jovan","no","male",42,"3rd","yes"
"Dintcheff, Mr. Valtcho","no","male",43,"3rd","yes"
"Dooley, Mr. Patrick","no","male",32,"3rd","yes"
"Dorking, Mr. Edward Arthur","yes","male",19,"3rd","yes"
"Dowdell, Miss. Elizabeth","yes","female",30,"3rd","yes"
"Doyle, Miss. Elizabeth","no","female",24,"3rd","yes"
"Drapkin, Miss. Jennie","yes","female",23,"3rd","yes"
"Drazenoic, Mr. Jozef","no","male",33,"3rd","yes"
"Duane, Mr. Frank","no","male",65,"3rd","yes"
"Duquemin, Mr. Joseph","yes","male",24,"3rd","yes"
"Dyker, Mr. Adolf Fredrik","no","male",23,"3rd","yes"
"Dyker, Mrs. Adolf Fredrik (Anna","yes","female",22,"3rd","yes"
"Edvardsson, Mr. Gustaf Hjalmar","no","male",18,"3rd","yes"
"Eklund, Mr. Hans Linus","no","male",16,"3rd","no"
"Ekstrom, Mr. Johan","no","male",45,"3rd","yes"
"Elias, Mr. Joseph","no","male",39,"3rd","yes"
"Elias, Mr. Joseph Jr","no","male",17,"3rd","no"
"Elias, Mr. Tannous","no","male",15,"3rd","no"
"Elsbury, Mr. William James","no","male",47,"3rd","yes"
"Emanuel, Miss. Virginia Ethel","yes","female",5,"3rd","no"
"Everett, Mr. Thomas James","no","male",40.5,"3rd","yes"
"Farrell, Mr. James","no","male",40.5,"3rd","yes"
"Fischer, Mr. Eberhard Thelander","no","male",18,"3rd","yes"
"Foley, Mr. Joseph","no","male",26,"3rd","yes"
"Ford, Miss. Doolina Margaret D","no","female",21,"3rd","yes"
"Ford, Miss. Robina Maggie Ruby","no","female",9,"3rd","no"
"Ford, Mr. Edward Watson","no","male",18,"3rd","yes"
"Ford, Mr. William Neal","no","male",16,"3rd","no"
"Ford, Mrs. Edward (Margaret Ann","no","female",48,"3rd","yes"
"Gallagher, Mr. Martin","no","male",25,"3rd","yes"
"Gilinski, Mr. Eliezer","no","male",22,"3rd","yes"
"Gilnagh, Miss. Katherine Katie","yes","female",16,"3rd","no"
"Goldsmith, Master. Frank John W","yes","male",9,"3rd","no"
"Goldsmith, Mr. Frank John","no","male",33,"3rd","yes"
"Goldsmith, Mr. Nathan","no","male",41,"3rd","yes"
"Goldsmith, Mrs. Frank John (Emi","yes","female",31,"3rd","yes"
"Goncalves, Mr. Manuel Estanslas","no","male",38,"3rd","yes"
"Goodwin, Master. Harold Victor","no","male",9,"3rd","no"
"Goodwin, Master. Sidney Leonard","no","male",1,"3rd","no"
"Goodwin, Master. William Freder","no","male",11,"3rd","no"
"Goodwin, Miss. Jessie Allis","no","female",10,"3rd","no"
"Goodwin, Miss. Lillian Amy","no","female",16,"3rd","no"
"Goodwin, Mr. Charles Edward","no","male",14,"3rd","no"
"Goodwin, Mr. Charles Frederick","no","male",40,"3rd","yes"
"Goodwin, Mrs. Frederick (August","no","female",43,"3rd","yes"
"Green, Mr. George Henry","no","male",51,"3rd","yes"
"Gronnestad, Mr. Daniel Danielse","no","male",32,"3rd","yes"
"Gustafsson, Mr. Alfred Ossian","no","male",20,"3rd","yes"
"Gustafsson, Mr. Anders Vilhelm","no","male",37,"3rd","yes"
"Gustafsson, Mr. Johan Birger","no","male",28,"3rd","yes"
"Gustafsson, Mr. Karl Gideon","no","male",19,"3rd","yes"
"Haas, Miss. Aloisia","no","female",24,"3rd","yes"
"Hagardon, Miss. Kate","no","female",17,"3rd","no"
"Hakkarainen, Mr. Pekka Pietari","no","male",28,"3rd","yes"
"Hakkarainen, Mrs. Pekka Pietari","yes","female",24,"3rd","yes"
"Hampe, Mr. Leon","no","male",20,"3rd","yes"
"Hanna, Mr. Mansour","no","male",23.5,"3rd","yes"
"Hansen, Mr. Claus Peter","no","male",41,"3rd","yes"
"Hansen, Mr. Henrik Juul","no","male",26,"3rd","yes"
"Hansen, Mr. Henry Damsgaard","no","male",21,"3rd","yes"
"Hansen, Mrs. Claus Peter (Jenni","yes","female",45,"3rd","yes"
"Harmer, Mr. Abraham (David Lish","no","male",25,"3rd","yes"
"Hassan, Mr. Houssein G N","no","male",11,"3rd","no"
"Hedman, Mr. Oskar Arvid","yes","male",27,"3rd","yes"
"Hegarty, Miss. Hanora Nora","no","female",18,"3rd","yes"
"Heikkinen, Miss. Laina","yes","female",26,"3rd","yes"
"Heininen, Miss. Wendla Maria","no","female",23,"3rd","yes"
"Hellstrom, Miss. Hilda Maria","yes","female",22,"3rd","yes"
"Hendekovic, Mr. Ignjac","no","male",28,"3rd","yes"
"Henriksson, Miss. Jenny Lovisa","no","female",28,"3rd","yes"
"Hirvonen, Miss. Hildur E","yes","female",2,"3rd","no"
"Hirvonen, Mrs. Alexander (Helga","yes","female",22,"3rd","yes"
"Holm, Mr. John Fredrik Alexande","no","male",43,"3rd","yes"
"Holthen, Mr. Johan Martin","no","male",28,"3rd","yes"
"Honkanen, Miss. Eliina","yes","female",27,"3rd","yes"
"Humblen, Mr. Adolf Mathias Nico","no","male",42,"3rd","yes"
"Ibrahim Shawah, Mr. Yousseff","no","male",30,"3rd","yes"
"Ilmakangas, Miss. Ida Livija","no","female",27,"3rd","yes"
"Ilmakangas, Miss. Pieta Sofia","no","female",25,"3rd","yes"
"Jalsevac, Mr. Ivan","yes","male",29,"3rd","yes"
"Jansson, Mr. Carl Olof","yes","male",21,"3rd","yes"
"Jensen, Mr. Hans Peder","no","male",20,"3rd","yes"
"Jensen, Mr. Niels Peder","no","male",48,"3rd","yes"
"Jensen, Mr. Svend Lauritz","no","male",17,"3rd","no"
"Johanson, Mr. Jakob Alfred","no","male",34,"3rd","yes"
"Johansson Palmquist, Mr. Oskar","yes","male",26,"3rd","yes"
"Johansson, Mr. Erik","no","male",22,"3rd","yes"
"Johansson, Mr. Gustaf Joel","no","male",33,"3rd","yes"
"Johansson, Mr. Karl Johan","no","male",31,"3rd","yes"
"Johansson, Mr. Nils","no","male",29,"3rd","yes"
"Johnson, Master. Harold Theodor","yes","male",4,"3rd","no"
"Johnson, Miss. Eleanor Ileen","yes","female",1,"3rd","no"
"Johnson, Mr. Alfred","no","male",49,"3rd","yes"
"Johnson, Mr. Malkolm Joackim","no","male",33,"3rd","yes"
"Johnson, Mr. William Cahoone Jr","no","male",19,"3rd","yes"
"Johnson, Mrs. Oscar W (Elisabet","yes","female",27,"3rd","yes"
"Jonkoff, Mr. Lalio","no","male",23,"3rd","yes"
"Jonsson, Mr. Carl","yes","male",32,"3rd","yes"
"Jonsson, Mr. Nils Hilding","no","male",27,"3rd","yes"
"Jussila, Miss. Katriina","no","female",20,"3rd","yes"
"Jussila, Miss. Mari Aina","no","female",21,"3rd","yes"
"Jussila, Mr. Eiriik","yes","male",32,"3rd","yes"
"Kallio, Mr. Nikolai Erland","no","male",17,"3rd","no"
"Kalvik, Mr. Johannes Halvorsen","no","male",21,"3rd","yes"
"Karaic, Mr. Milan","no","male",30,"3rd","yes"
"Karlsson, Mr. Einar Gervasius","yes","male",21,"3rd","yes"
"Karlsson, Mr. Julius Konrad Eug","no","male",33,"3rd","yes"
"Karlsson, Mr. Nils August","no","male",22,"3rd","yes"
"Karun, Miss. Manca","yes","female",4,"3rd","no"
"Karun, Mr. Franz","yes","male",39,"3rd","yes"
"Katavelas, Mr. Vassilios (Cata","no","male",18.5,"3rd","yes"
"Kelly, Mr. James (A)","no","male",34.5,"3rd","yes"
"Kelly, Mr. James (B)","no","male",44,"3rd","yes"
"Kink, Miss. Maria","no","female",22,"3rd","yes"
"Kink, Mr. Vincenz","no","male",26,"3rd","yes"
"Kink-Heilmann, Miss. Luise Gret","yes","female",4,"3rd","no"
"Kink-Heilmann, Mr. Anton","yes","male",29,"3rd","yes"
"Kink-Heilmann, Mrs. Anton (Luis","yes","female",26,"3rd","yes"
"Klasen, Miss. Gertrud Emilia","no","female",1,"3rd","no"
"Klasen, Mr. Klas Albin","no","male",18,"3rd","yes"
"Klasen, Mrs. (Hulda Kristina Eu","no","female",36,"3rd","yes"
"Krekorian, Mr. Neshan","yes","male",25,"3rd","yes"
"Laitinen, Miss. Kristina Sofia","no","female",37,"3rd","yes"
"Landergren, Miss. Aurora Adelia","yes","female",22,"3rd","yes"
"Lang, Mr. Fang","yes","male",26,"3rd","yes"
"Larsson, Mr. August Viktor","no","male",29,"3rd","yes"
"Larsson, Mr. Bengt Edvin","no","male",29,"3rd","yes"
"Larsson-Rondberg, Mr. Edvard A","no","male",22,"3rd","yes"
"Leeni, Mr. Fahim (Philip Zenni","yes","male",22,"3rd","yes"
"Leinonen, Mr. Antti Gustaf","no","male",32,"3rd","yes"
"Lemberopolous, Mr. Peter L","no","male",34.5,"3rd","yes"
"Leonard, Mr. Lionel","no","male",36,"3rd","yes"
"Lester, Mr. James","no","male",39,"3rd","yes"
"Lievens, Mr. Rene Aime","no","male",24,"3rd","yes"
"Lindahl, Miss. Agda Thorilda Vi","no","female",25,"3rd","yes"
"Lindblom, Miss. Augusta Charlot","no","female",45,"3rd","yes"
"Lindell, Mr. Edvard Bengtsson","no","male",36,"3rd","yes"
"Lindell, Mrs. Edvard Bengtsson","no","female",30,"3rd","yes"
"Lindqvist, Mr. Eino William","yes","male",20,"3rd","yes"
"Ling, Mr. Lee","no","male",28,"3rd","yes"
"Lobb, Mr. William Arthur","no","male",30,"3rd","yes"
"Lobb, Mrs. William Arthur (Cord","no","female",26,"3rd","yes"
"Lovell, Mr. John Hall (Henry)","no","male",20.5,"3rd","yes"
"Lulic, Mr. Nikola","yes","male",27,"3rd","yes"
"Lundahl, Mr. Johan Svensson","no","male",51,"3rd","yes"
"Lundin, Miss. Olga Elida","yes","female",23,"3rd","yes"
"Lundstrom, Mr. Thure Edvin","yes","male",32,"3rd","yes"
"Madsen, Mr. Fridtjof Arne","yes","male",24,"3rd","yes"
"Maenpaa, Mr. Matti Alexanteri","no","male",22,"3rd","yes"
"Makinen, Mr. Kalle Edvard","no","male",29,"3rd","yes"
"Mangan, Miss. Mary","no","female",30.5,"3rd","yes"
"Markoff, Mr. Marin","no","male",35,"3rd","yes"
"Markun, Mr. Johann","no","male",33,"3rd","yes"
"McGowan, Miss. Anna Annie","yes","female",15,"3rd","no"
"McGowan, Miss. Katherine","no","female",35,"3rd","yes"
"McNamee, Mr. Neal","no","male",24,"3rd","yes"
"McNamee, Mrs. Neal (Eileen O'Le","no","female",19,"3rd","yes"
"Meo, Mr. Alfonzo","no","male",55.5,"3rd","yes"
"Midtsjo, Mr. Karl Albert","yes","male",21,"3rd","yes"
"Mineff, Mr. Ivan","no","male",24,"3rd","yes"
"Minkoff, Mr. Lazar","no","male",21,"3rd","yes"
"Mionoff, Mr. Stoytcho","no","male",28,"3rd","yes"
"Moen, Mr. Sigurd Hansen","no","male",25,"3rd","yes"
"Moor, Master. Meier","yes","male",6,"3rd","no"
"Moor, Mrs. (Beila)","yes","female",27,"3rd","yes"
"Morley, Mr. William","no","male",34,"3rd","yes"
"Mulvihill, Miss. Bertha E","yes","female",24,"3rd","yes"
"Myhrman, Mr. Pehr Fabian Oliver","no","male",18,"3rd","yes"
"Naidenoff, Mr. Penko","no","male",22,"3rd","yes"
"Najib, Miss. Adele Kiamie Jane","yes","female",15,"3rd","no"
"Nakid, Miss. Maria (Mary)","yes","female",1,"3rd","no"
"Nakid, Mr. Sahid","yes","male",20,"3rd","yes"
"Nakid, Mrs. Said (Waika Mary","yes","female",19,"3rd","yes"
"Nancarrow, Mr. William Henry","no","male",33,"3rd","yes"
"Nicola-Yarred, Master. Elias","yes","male",12,"3rd","no"
"Nicola-Yarred, Miss. Jamila","yes","female",14,"3rd","no"
"Nieminen, Miss. Manta Josefina","no","female",29,"3rd","yes"
"Niklasson, Mr. Samuel","no","male",28,"3rd","yes"
"Nilsson, Miss. Berta Olivia","yes","female",18,"3rd","yes"
"Nilsson, Miss. Helmina Josefina","yes","female",26,"3rd","yes"
"Nilsson, Mr. August Ferdinand","no","male",21,"3rd","yes"
"Nirva, Mr. Iisakki Antino Aijo","no","male",41,"3rd","yes"
"Niskanen, Mr. Juha","yes","male",39,"3rd","yes"
"Nosworthy, Mr. Richard Cater","no","male",21,"3rd","yes"
"Novel, Mr. Mansouer","no","male",28.5,"3rd","yes"
"Nysten, Miss. Anna Sofia","yes","female",22,"3rd","yes"
"Nysveen, Mr. Johan Hansen","no","male",61,"3rd","yes"
"Odahl, Mr. Nils Martin","no","male",23,"3rd","yes"
"Ohman, Miss. Velin","yes","female",22,"3rd","yes"
"Olsen, Master. Artur Karl","yes","male",9,"3rd","no"
"Olsen, Mr. Henry Margido","no","male",28,"3rd","yes"
"Olsen, Mr. Karl Siegwart Andrea","no","male",42,"3rd","yes"
"Olsson, Miss. Elina","no","female",31,"3rd","yes"
"Olsson, Mr. Nils Johan Goransso","no","male",28,"3rd","yes"
"Olsson, Mr. Oscar Wilhelm","yes","male",32,"3rd","yes"
"Olsvigen, Mr. Thor Anderson","no","male",20,"3rd","yes"
"Oreskovic, Miss. Jelka","no","female",23,"3rd","yes"
"Oreskovic, Miss. Marija","no","female",20,"3rd","yes"
"Oreskovic, Mr. Luka","no","male",20,"3rd","yes"
"Osen, Mr. Olaf Elon","no","male",16,"3rd","no"
"Osman, Mrs. Mara","yes","female",31,"3rd","yes"
"Palsson, Master. Gosta Leonard","no","male",2,"3rd","no"
"Palsson, Master. Paul Folke","no","male",6,"3rd","no"
"Palsson, Miss. Stina Viola","no","female",3,"3rd","no"
"Palsson, Miss. Torborg Danira","no","female",8,"3rd","no"
"Palsson, Mrs. Nils (Alma Cornel","no","female",29,"3rd","yes"
"Panula, Master. Eino Viljami","no","male",1,"3rd","no"
"Panula, Master. Juha Niilo","no","male",7,"3rd","no"
"Panula, Master. Urho Abraham","no","male",2,"3rd","no"
"Panula, Mr. Ernesti Arvid","no","male",16,"3rd","no"
"Panula, Mr. Jaako Arnold","no","male",14,"3rd","no"
"Panula, Mrs. Juha (Maria Emilia","no","female",41,"3rd","yes"
"Pasic, Mr. Jakob","no","male",21,"3rd","yes"
"Patchett, Mr. George","no","male",19,"3rd","yes"
"Pavlovic, Mr. Stefo","no","male",32,"3rd","yes"
"Peacock, Master. Alfred Edward","no","male",0.75,"3rd","no"
"Peacock, Miss. Treasteall","no","female",3,"3rd","no"
"Peacock, Mrs. Benjamin (Edith N","no","female",26,"3rd","yes"
"Pekoniemi, Mr. Edvard","no","male",21,"3rd","yes"
"Peltomaki, Mr. Nikolai Johannes","no","male",25,"3rd","yes"
"Perkin, Mr. John Henry","no","male",22,"3rd","yes"
"Persson, Mr. Ernst Ulrik","yes","male",25,"3rd","yes"
"Petersen, Mr. Marius","no","male",24,"3rd","yes"
"Petranec, Miss. Matilda","no","female",28,"3rd","yes"
"Petroff, Mr. Nedelio","no","male",19,"3rd","yes"
"Petterson, Mr. Johan Emil","no","male",25,"3rd","yes"
"Pettersson, Miss. Ellen Natalia","no","female",18,"3rd","yes"
"Pickard, Mr. Berk (Berk Trembis","yes","male",32,"3rd","yes"
"Pokrnic, Mr. Mate","no","male",17,"3rd","no"
"Pokrnic, Mr. Tome","no","male",24,"3rd","yes"
"Rekic, Mr. Tido","no","male",38,"3rd","yes"
"Reynolds, Mr. Harold J","no","male",21,"3rd","yes"
"Rice, Master. Albert","no","male",10,"3rd","no"
"Rice, Master. Arthur","no","male",4,"3rd","no"
"Rice, Master. Eric","no","male",7,"3rd","no"
"Rice, Master. Eugene","no","male",2,"3rd","no"
"Rice, Master. George Hugh","no","male",8,"3rd","no"
"Rice, Mrs. William (Margaret No","no","female",39,"3rd","yes"
"Riihivouri, Miss. Susanna Juhan","no","female",22,"3rd","yes"
"Rintamaki, Mr. Matti","no","male",35,"3rd","yes"
"Robins, Mr. Alexander A","no","male",50,"3rd","yes"
"Robins, Mrs. Alexander A (Grace","no","female",47,"3rd","yes"
"Rosblom, Miss. Salli Helena","no","female",2,"3rd","no"
"Rosblom, Mr. Viktor Richard","no","male",18,"3rd","yes"
"Rosblom, Mrs. Viktor (Helena Wi","no","female",41,"3rd","yes"
"Rouse, Mr. Richard Henry","no","male",50,"3rd","yes"
"Rush, Mr. Alfred George John","no","male",16,"3rd","no"
"Saad, Mr. Khalil","no","male",25,"3rd","yes"
"Saether, Mr. Simon Sivertsen","no","male",38.5,"3rd","yes"
"Sage, Master. William Henry","no","male",14.5,"3rd","no"
"Salander, Mr. Karl Johan","no","male",24,"3rd","yes"
"Salkjelsvik, Miss. Anna Kristin","yes","female",21,"3rd","yes"
"Salonen, Mr. Johan Werner","no","male",39,"3rd","yes"
"Sandstrom, Miss. Beatrice Irene","yes","female",1,"3rd","no"
"Sandstrom, Mrs. Hjalmar (Agnes","yes","female",24,"3rd","yes"
"Sandstrom, Miss. Marguerite Rut","yes","female",4,"3rd","no"
"Sap, Mr. Julius","yes","male",25,"3rd","yes"
"Saundercock, Mr. William Henry","no","male",20,"3rd","yes"
"Sawyer, Mr. Frederick Charles","no","male",24.5,"3rd","yes"
"Sheerlinck, Mr. Jan Baptist","yes","male",29,"3rd","yes"
"Sirayanian, Mr. Orsen","no","male",22,"3rd","yes"
"Sivic, Mr. Husein","no","male",40,"3rd","yes"
"Sivola, Mr. Antti Wilhelm","no","male",21,"3rd","yes"
"Sjoblom, Miss. Anna Sofia","yes","female",18,"3rd","yes"
"Skoog, Master. Harald","no","male",4,"3rd","no"
"Skoog, Master. Karl Thorsten","no","male",10,"3rd","no"
"Skoog, Miss. Mabel","no","female",9,"3rd","no"
"Skoog, Miss. Margit Elizabeth","no","female",2,"3rd","no"
"Skoog, Mr. Wilhelm","no","male",40,"3rd","yes"
"Skoog, Mrs. William (Anna Bernh","no","female",45,"3rd","yes"
"Soholt, Mr. Peter Andreas Lauri","no","male",19,"3rd","yes"
"Somerton, Mr. Francis William","no","male",30,"3rd","yes"
"Spinner, Mr. Henry John","no","male",32,"3rd","yes"
"Stankovic, Mr. Ivan","no","male",33,"3rd","yes"
"Stanley, Miss. Amy Zillah Elsie","yes","female",23,"3rd","yes"
"Stanley, Mr. Edward Roland","no","male",21,"3rd","yes"
"Storey, Mr. Thomas","no","male",60.5,"3rd","yes"
"Stoytcheff, Mr. Ilia","no","male",19,"3rd","yes"
"Strandberg, Miss. Ida Sofia","no","female",22,"3rd","yes"
"Stranden, Mr. Juho","yes","male",31,"3rd","yes"
"Strilic, Mr. Ivan","no","male",27,"3rd","yes"
"Strom, Miss. Telma Matilda","no","female",2,"3rd","no"
"Strom, Mrs. Wilhelm (Elna Matil","no","female",29,"3rd","yes"
"Sunderland, Mr. Victor Francis","yes","male",16,"3rd","no"
"Sundman, Mr. Johan Julian","yes","male",44,"3rd","yes"
"Sutehall, Mr. Henry Jr","no","male",25,"3rd","yes"
"Svensson, Mr. Johan","no","male",74,"3rd","yes"
"Svensson, Mr. Johan Cervin","yes","male",14,"3rd","no"
"Svensson, Mr. Olof","no","male",24,"3rd","yes"
"Tenglin, Mr. Gunnar Isidor","yes","male",25,"3rd","yes"
"Theobald, Mr. Thomas Leonard","no","male",34,"3rd","yes"
"Thomas, Master. Assad Alexander","yes","male",0.416700006,"3rd","no"
"Thomas, Mrs. Alexander (Thamine","yes","female",16,"3rd","no"
"Tikkanen, Mr. Juho","no","male",32,"3rd","yes"
"Tomlin, Mr. Ernest Portage","no","male",30.5,"3rd","yes"
"Torber, Mr. Ernst William","no","male",44,"3rd","yes"
"Tornquist, Mr. William Henry","yes","male",25,"3rd","yes"
"Touma, Master. Georges Youssef","yes","male",7,"3rd","no"
"Touma, Miss. Maria Youssef","yes","female",9,"3rd","no"
"Touma, Mrs. Darwis (Hanne Youss","yes","female",29,"3rd","yes"
"Turcin, Mr. Stjepan","no","male",36,"3rd","yes"
"Turja, Miss. Anna Sofia","yes","female",18,"3rd","yes"
"Turkula, Mrs. (Hedwig)","yes","female",63,"3rd","yes"
"van Billiard, Master. Walter Jo","no","male",11.5,"3rd","no"
"van Billiard, Mr. Austin Blyler","no","male",40.5,"3rd","yes"
"Van Impe, Miss. Catharina","no","female",10,"3rd","no"
"Van Impe, Mr. Jean Baptiste","no","male",36,"3rd","yes"
"Van Impe, Mrs. Jean Baptiste (R","no","female",30,"3rd","yes"
"Vande Velde, Mr. Johannes Josep","no","male",33,"3rd","yes"
"Vande Walle, Mr. Nestor Cyriel","no","male",28,"3rd","yes"
"Vanden Steen, Mr. Leo Peter","no","male",28,"3rd","yes"
"Vander Cruyssen, Mr. Victor","no","male",47,"3rd","yes"
"Vander Planke, Miss. Augusta Ma","no","female",18,"3rd","yes"
"Vander Planke, Mr. Julius","no","male",31,"3rd","yes"
"Vander Planke, Mr. Leo Edmondus","no","male",16,"3rd","no"
"Vander Planke, Mrs. Julius (Eme","no","female",31,"3rd","yes"
"Vartanian, Mr. David","yes","male",22,"3rd","yes"
"Vendel, Mr. Olof Edvin","no","male",20,"3rd","yes"
"Vestrom, Miss. Hulda Amanda Ado","no","female",14,"3rd","no"
"Vovk, Mr. Janko","no","male",22,"3rd","yes"
"Waelens, Mr. Achille","no","male",22,"3rd","yes"
"Wenzel, Mr. Linhart","no","male",32.5,"3rd","yes"
"Whabee, Mrs. George Joseph (Sha","yes","female",38,"3rd","yes"
"Widegren, Mr. Carl/Charles Pete","no","male",51,"3rd","yes"
"Wiklund, Mr. Jakob Alfred","no","male",18,"3rd","yes"
"Wiklund, Mr. Karl Johan","no","male",21,"3rd","yes"
"Wilkes, Mrs. James (Ellen Needs","yes","female",47,"3rd","yes"
"Williams, Mr. Leslie","no","male",28.5,"3rd","yes"
"Windelov, Mr. Einar","no","male",21,"3rd","yes"
"Wirz, Mr. Albert","no","male",27,"3rd","yes"
"Wittevrongel, Mr. Camille","no","male",36,"3rd","yes"
"Yasbeck, Mr. Antoni","no","male",27,"3rd","yes"
"Yasbeck, Mrs. Antoni (Selini Al","yes","female",15,"3rd","no"
"Youseff, Mr. Gerious","no","male",45.5,"3rd","yes"
"Zabour, Miss. Hileni","no","female",14.5,"3rd","no"
"Zakarian, Mr. Mapriededer","no","male",26.5,"3rd","yes"
"Zakarian, Mr. Ortin","no","male",27,"3rd","yes"
"Zimmerman, Mr. Leo","no","male",29,"3rd","yes"
